[{"__symbolic":"module","version":3,"metadata":{"AngularFireDatabase":{"__symbolic":"class","decorators":[{"__symbolic":"call","expression":{"__symbolic":"reference","module":"@angular/core","name":"Injectable"}}],"members":{"__ctor__":[{"__symbolic":"constructor","parameterDecorators":[[{"__symbolic":"call","expression":{"__symbolic":"reference","module":"@angular/core","name":"Inject"},"arguments":[{"__symbolic":"reference","module":"../tokens","name":"FirebaseConfig"}]}],[{"__symbolic":"call","expression":{"__symbolic":"reference","module":"@angular/core","name":"Inject"},"arguments":[{"__symbolic":"reference","module":"../tokens","name":"FirebaseApp"}]}]],"parameters":[{"__symbolic":"reference","module":"../angularfire2","name":"FirebaseAppConfig"},{"__symbolic":"reference","name":"any"}]}],"list":[{"__symbolic":"method"}],"object":[{"__symbolic":"method"}]}}}},{"__symbolic":"module","version":1,"metadata":{"AngularFireDatabase":{"__symbolic":"class","decorators":[{"__symbolic":"call","expression":{"__symbolic":"reference","module":"@angular/core","name":"Injectable"}}],"members":{"__ctor__":[{"__symbolic":"constructor","parameterDecorators":[[{"__symbolic":"call","expression":{"__symbolic":"reference","module":"@angular/core","name":"Inject"},"arguments":[{"__symbolic":"reference","module":"../tokens","name":"FirebaseConfig"}]}],[{"__symbolic":"call","expression":{"__symbolic":"reference","module":"@angular/core","name":"Inject"},"arguments":[{"__symbolic":"reference","module":"../tokens","name":"FirebaseApp"}]}]],"parameters":[{"__symbolic":"reference","module":"../angularfire2","name":"FirebaseAppConfig"},{"__symbolic":"reference","name":"any"}]}],"list":[{"__symbolic":"method"}],"object":[{"__symbolic":"method"}]}}}}]