[{"__symbolic":"module","version":3,"metadata":{"FirebaseListObservable":{"__symbolic":"class","extends":{"__symbolic":"reference","module":"rxjs/Observable","name":"Observable"},"members":{"__ctor__":[{"__symbolic":"constructor","parameters":[{"__symbolic":"error","message":"Expression form not supported","line":14,"character":27},{"__symbolic":"error","message":"Expression form not supported","line":14,"character":94}]}],"lift":[{"__symbolic":"method"}],"push":[{"__symbolic":"method"}],"update":[{"__symbolic":"method"}],"remove":[{"__symbolic":"method"}],"_checkOperationCases":[{"__symbolic":"method"}]}}}},{"__symbolic":"module","version":1,"metadata":{"FirebaseListObservable":{"__symbolic":"class","extends":{"__symbolic":"reference","module":"rxjs/Observable","name":"Observable"},"members":{"__ctor__":[{"__symbolic":"constructor","parameters":[{"__symbolic":"error","message":"Expression form not supported","line":14,"character":27},{"__symbolic":"error","message":"Expression form not supported","line":14,"character":94}]}],"lift":[{"__symbolic":"method"}],"push":[{"__symbolic":"method"}],"update":[{"__symbolic":"method"}],"remove":[{"__symbolic":"method"}],"_checkOperationCases":[{"__symbolic":"method"}]}}}}]