[{"__symbolic":"module","version":3,"metadata":{"FirebaseObjectObservable":{"__symbolic":"class","extends":{"__symbolic":"reference","module":"rxjs/Observable","name":"Observable"},"members":{"__ctor__":[{"__symbolic":"constructor","parameters":[{"__symbolic":"error","message":"Expression form not supported","line":7,"character":26},{"__symbolic":"select","expression":{"__symbolic":"error","message":"Expression form not supported","line":7,"character":105},"member":"Reference"}]}],"lift":[{"__symbolic":"method"}],"set":[{"__symbolic":"method"}],"update":[{"__symbolic":"method"}],"remove":[{"__symbolic":"method"}]}}}},{"__symbolic":"module","version":1,"metadata":{"FirebaseObjectObservable":{"__symbolic":"class","extends":{"__symbolic":"reference","module":"rxjs/Observable","name":"Observable"},"members":{"__ctor__":[{"__symbolic":"constructor","parameters":[{"__symbolic":"error","message":"Expression form not supported","line":7,"character":26},{"__symbolic":"select","expression":{"__symbolic":"error","message":"Expression form not supported","line":7,"character":105},"member":"Reference"}]}],"lift":[{"__symbolic":"method"}],"set":[{"__symbolic":"method"}],"update":[{"__symbolic":"method"}],"remove":[{"__symbolic":"method"}]}}}}]