[{"__symbolic":"module","version":3,"metadata":{"FirebaseListFactory":{"__symbolic":"function"},"onChildAdded":{"__symbolic":"function"},"onChildChanged":{"__symbolic":"function","parameters":["arr","child","prevKey"],"value":{"__symbolic":"error","message":"Function call not supported","line":219,"character":20}},"onChildRemoved":{"__symbolic":"function","parameters":["arr","child"],"value":{"__symbolic":"error","message":"Function call not supported","line":236,"character":20}},"onChildUpdated":{"__symbolic":"function","parameters":["arr","child","prevKey"],"value":{"__symbolic":"error","message":"Function call not supported","line":240,"character":17}}}},{"__symbolic":"module","version":1,"metadata":{"FirebaseListFactory":{"__symbolic":"function"},"onChildAdded":{"__symbolic":"function"},"onChildChanged":{"__symbolic":"function","parameters":["arr","child","prevKey"],"value":{"__symbolic":"error","message":"Function call not supported","line":219,"character":20}},"onChildRemoved":{"__symbolic":"function","parameters":["arr","child"],"value":{"__symbolic":"error","message":"Function call not supported","line":236,"character":20}},"onChildUpdated":{"__symbolic":"function","parameters":["arr","child","prevKey"],"value":{"__symbolic":"error","message":"Function call not supported","line":240,"character":17}}}}]