[{"__symbolic":"module","version":3,"metadata":{},"exports":[{"from":"./database"},{"from":"./firebase_list_factory"},{"from":"./firebase_list_observable"},{"from":"./firebase_object_factory"},{"from":"./firebase_object_observable"},{"from":"./query_observable"}]},{"__symbolic":"module","version":1,"metadata":{},"exports":[{"from":"./database"},{"from":"./firebase_list_factory"},{"from":"./firebase_list_observable"},{"from":"./firebase_object_factory"},{"from":"./firebase_object_observable"},{"from":"./query_observable"}]}]