[{"__symbolic":"module","version":3,"metadata":{"observeQuery":{"__symbolic":"function"},"getOrderObservables":{"__symbolic":"function"},"getLimitToObservables":{"__symbolic":"function"},"getStartAtObservable":{"__symbolic":"function"},"getEndAtObservable":{"__symbolic":"function"},"getEqualToObservable":{"__symbolic":"function"}}},{"__symbolic":"module","version":1,"metadata":{"observeQuery":{"__symbolic":"function"},"getOrderObservables":{"__symbolic":"function"},"getLimitToObservables":{"__symbolic":"function"},"getStartAtObservable":{"__symbolic":"function"},"getEndAtObservable":{"__symbolic":"function"},"getEqualToObservable":{"__symbolic":"function"}}}]