[{"__symbolic":"module","version":3,"metadata":{"FirebaseConfig":{"__symbolic":"new","expression":{"__symbolic":"reference","module":"@angular/core","name":"OpaqueToken"},"arguments":["FirebaseUrl"]},"FirebaseApp":{"__symbolic":"new","expression":{"__symbolic":"reference","module":"@angular/core","name":"OpaqueToken"},"arguments":["FirebaseApp"]},"FirebaseAuthConfig":{"__symbolic":"new","expression":{"__symbolic":"reference","module":"@angular/core","name":"OpaqueToken"},"arguments":["FirebaseAuthConfig"]},"FirebaseUserConfig":{"__symbolic":"new","expression":{"__symbolic":"reference","module":"@angular/core","name":"OpaqueToken"},"arguments":["FirebaseUserConfig"]},"FirebaseAppName":{"__symbolic":"new","expression":{"__symbolic":"reference","module":"@angular/core","name":"OpaqueToken"},"arguments":["FirebaseAppName"]},"WindowLocation":{"__symbolic":"new","expression":{"__symbolic":"reference","module":"@angular/core","name":"OpaqueToken"},"arguments":["WindowLocation"]},"FirebaseRef":{"__symbolic":"reference","name":"FirebaseApp"},"FirebaseUrl":{"__symbolic":"reference","name":"FirebaseConfig"}}},{"__symbolic":"module","version":1,"metadata":{"FirebaseConfig":{"__symbolic":"new","expression":{"__symbolic":"reference","module":"@angular/core","name":"OpaqueToken"},"arguments":["FirebaseUrl"]},"FirebaseApp":{"__symbolic":"new","expression":{"__symbolic":"reference","module":"@angular/core","name":"OpaqueToken"},"arguments":["FirebaseApp"]},"FirebaseAuthConfig":{"__symbolic":"new","expression":{"__symbolic":"reference","module":"@angular/core","name":"OpaqueToken"},"arguments":["FirebaseAuthConfig"]},"FirebaseUserConfig":{"__symbolic":"new","expression":{"__symbolic":"reference","module":"@angular/core","name":"OpaqueToken"},"arguments":["FirebaseUserConfig"]},"FirebaseAppName":{"__symbolic":"new","expression":{"__symbolic":"reference","module":"@angular/core","name":"OpaqueToken"},"arguments":["FirebaseAppName"]},"WindowLocation":{"__symbolic":"new","expression":{"__symbolic":"reference","module":"@angular/core","name":"OpaqueToken"},"arguments":["WindowLocation"]},"FirebaseRef":{"__symbolic":"reference","name":"FirebaseApp"},"FirebaseUrl":{"__symbolic":"reference","name":"FirebaseConfig"}}}]