[{"__symbolic":"module","version":3,"metadata":{"isNil":{"__symbolic":"function","parameters":["obj"],"value":{"__symbolic":"binop","operator":"||","left":{"__symbolic":"binop","operator":"===","left":{"__symbolic":"reference","name":"obj"},"right":{"__symbolic":"reference","name":"undefined"}},"right":{"__symbolic":"binop","operator":"===","left":{"__symbolic":"reference","name":"obj"},"right":null}}},"hasKey":{"__symbolic":"function","parameters":["obj","key"],"value":{"__symbolic":"binop","operator":"&&","left":{"__symbolic":"reference","name":"obj"},"right":{"__symbolic":"binop","operator":"!==","left":{"__symbolic":"index","expression":{"__symbolic":"reference","name":"obj"},"index":{"__symbolic":"reference","name":"key"}},"right":{"__symbolic":"reference","name":"undefined"}}}},"isString":{"__symbolic":"function","parameters":["value"],"value":{"__symbolic":"binop","operator":"===","left":{"__symbolic":"error","message":"Expression form not supported","line":15,"character":9},"right":"string"}},"isFirebaseRef":{"__symbolic":"function","parameters":["value"],"value":{"__symbolic":"binop","operator":"===","left":{"__symbolic":"error","message":"Expression form not supported","line":19,"character":9},"right":"function"}},"isFirebaseDataSnapshot":{"__symbolic":"function","parameters":["value"],"value":{"__symbolic":"binop","operator":"===","left":{"__symbolic":"error","message":"Expression form not supported","line":23,"character":9},"right":"function"}},"isAFUnwrappedSnapshot":{"__symbolic":"function","parameters":["value"],"value":{"__symbolic":"binop","operator":"===","left":{"__symbolic":"error","message":"Expression form not supported","line":27,"character":9},"right":"string"}},"isFirebaseQuery":{"__symbolic":"function","parameters":["value"],"value":{"__symbolic":"binop","operator":"===","left":{"__symbolic":"error","message":"Expression form not supported","line":31,"character":9},"right":"function"}},"isEmptyObject":{"__symbolic":"function"},"unwrapMapFn":{"__symbolic":"function"},"checkForUrlOrFirebaseRef":{"__symbolic":"function"},"stripTrailingSlash":{"__symbolic":"function"},"stripLeadingSlash":{"__symbolic":"function"},"ZoneScheduler":{"__symbolic":"class","members":{"__ctor__":[{"__symbolic":"constructor","parameters":[{"__symbolic":"error","message":"Could not resolve type","line":102,"character":27,"context":{"typeName":"Zone"}}]}],"schedule":[{"__symbolic":"method"}]}}}},{"__symbolic":"module","version":1,"metadata":{"isNil":{"__symbolic":"function","parameters":["obj"],"value":{"__symbolic":"binop","operator":"||","left":{"__symbolic":"binop","operator":"===","left":{"__symbolic":"reference","name":"obj"},"right":{"__symbolic":"reference","name":"undefined"}},"right":{"__symbolic":"binop","operator":"===","left":{"__symbolic":"reference","name":"obj"},"right":null}}},"hasKey":{"__symbolic":"function","parameters":["obj","key"],"value":{"__symbolic":"binop","operator":"&&","left":{"__symbolic":"reference","name":"obj"},"right":{"__symbolic":"binop","operator":"!==","left":{"__symbolic":"index","expression":{"__symbolic":"reference","name":"obj"},"index":{"__symbolic":"reference","name":"key"}},"right":{"__symbolic":"reference","name":"undefined"}}}},"isString":{"__symbolic":"function","parameters":["value"],"value":{"__symbolic":"binop","operator":"===","left":{"__symbolic":"error","message":"Expression form not supported","line":15,"character":9},"right":"string"}},"isFirebaseRef":{"__symbolic":"function","parameters":["value"],"value":{"__symbolic":"binop","operator":"===","left":{"__symbolic":"error","message":"Expression form not supported","line":19,"character":9},"right":"function"}},"isFirebaseDataSnapshot":{"__symbolic":"function","parameters":["value"],"value":{"__symbolic":"binop","operator":"===","left":{"__symbolic":"error","message":"Expression form not supported","line":23,"character":9},"right":"function"}},"isAFUnwrappedSnapshot":{"__symbolic":"function","parameters":["value"],"value":{"__symbolic":"binop","operator":"===","left":{"__symbolic":"error","message":"Expression form not supported","line":27,"character":9},"right":"string"}},"isFirebaseQuery":{"__symbolic":"function","parameters":["value"],"value":{"__symbolic":"binop","operator":"===","left":{"__symbolic":"error","message":"Expression form not supported","line":31,"character":9},"right":"function"}},"isEmptyObject":{"__symbolic":"function"},"unwrapMapFn":{"__symbolic":"function"},"checkForUrlOrFirebaseRef":{"__symbolic":"function"},"stripTrailingSlash":{"__symbolic":"function"},"stripLeadingSlash":{"__symbolic":"function"},"ZoneScheduler":{"__symbolic":"class","members":{"__ctor__":[{"__symbolic":"constructor","parameters":[{"__symbolic":"error","message":"Could not resolve type","line":102,"character":27,"context":{"typeName":"Zone"}}]}],"schedule":[{"__symbolic":"method"}]}}}}]