[{"__symbolic":"module","version":3,"metadata":{"firebaseAuthConfig":{"__symbolic":"error","message":"Function call not supported","line":23,"character":34},"AngularFireAuth":{"__symbolic":"class","extends":{"__symbolic":"reference","module":"rxjs/ReplaySubject","name":"ReplaySubject"},"decorators":[{"__symbolic":"call","expression":{"__symbolic":"reference","module":"@angular/core","name":"Injectable"}}],"members":{"__ctor__":[{"__symbolic":"constructor","parameterDecorators":[null,[{"__symbolic":"call","expression":{"__symbolic":"reference","module":"@angular/core","name":"Inject"},"arguments":[{"__symbolic":"reference","module":"../tokens","name":"WindowLocation"}]}],[{"__symbolic":"call","expression":{"__symbolic":"reference","module":"@angular/core","name":"Optional"}},{"__symbolic":"call","expression":{"__symbolic":"reference","module":"@angular/core","name":"Inject"},"arguments":[{"__symbolic":"reference","module":"../tokens","name":"FirebaseAuthConfig"}]}]],"parameters":[{"__symbolic":"reference","module":"./auth_backend","name":"AuthBackend"},{"__symbolic":"reference","name":"any"},{"__symbolic":"reference","module":"./auth_backend","name":"AuthConfiguration"}]}],"login":[{"__symbolic":"method"},{"__symbolic":"method"},{"__symbolic":"method"},{"__symbolic":"method"}],"logout":[{"__symbolic":"method"}],"getAuth":[{"__symbolic":"method"}],"createUser":[{"__symbolic":"method"}],"_mergeConfigs":[{"__symbolic":"method"}],"_reject":[{"__symbolic":"method"}],"_scrubConfig":[{"__symbolic":"method"}],"_emitAuthData":[{"__symbolic":"method"}]}}}},{"__symbolic":"module","version":1,"metadata":{"firebaseAuthConfig":{"__symbolic":"error","message":"Function call not supported","line":23,"character":34},"AngularFireAuth":{"__symbolic":"class","extends":{"__symbolic":"reference","module":"rxjs/ReplaySubject","name":"ReplaySubject"},"decorators":[{"__symbolic":"call","expression":{"__symbolic":"reference","module":"@angular/core","name":"Injectable"}}],"members":{"__ctor__":[{"__symbolic":"constructor","parameterDecorators":[null,[{"__symbolic":"call","expression":{"__symbolic":"reference","module":"@angular/core","name":"Inject"},"arguments":[{"__symbolic":"reference","module":"../tokens","name":"WindowLocation"}]}],[{"__symbolic":"call","expression":{"__symbolic":"reference","module":"@angular/core","name":"Optional"}},{"__symbolic":"call","expression":{"__symbolic":"reference","module":"@angular/core","name":"Inject"},"arguments":[{"__symbolic":"reference","module":"../tokens","name":"FirebaseAuthConfig"}]}]],"parameters":[{"__symbolic":"reference","module":"./auth_backend","name":"AuthBackend"},{"__symbolic":"reference","name":"any"},{"__symbolic":"reference","module":"./auth_backend","name":"AuthConfiguration"}]}],"login":[{"__symbolic":"method"},{"__symbolic":"method"},{"__symbolic":"method"},{"__symbolic":"method"}],"logout":[{"__symbolic":"method"}],"getAuth":[{"__symbolic":"method"}],"createUser":[{"__symbolic":"method"}],"_mergeConfigs":[{"__symbolic":"method"}],"_reject":[{"__symbolic":"method"}],"_scrubConfig":[{"__symbolic":"method"}],"_emitAuthData":[{"__symbolic":"method"}]}}}}]