[{"__symbolic":"module","version":3,"metadata":{"AuthBackend":{"__symbolic":"class","members":{"authWithCustomToken":[{"__symbolic":"method"}],"authAnonymously":[{"__symbolic":"method"}],"authWithPassword":[{"__symbolic":"method"}],"authWithOAuthPopup":[{"__symbolic":"method"}],"authWithOAuthRedirect":[{"__symbolic":"method"}],"authWithOAuthToken":[{"__symbolic":"method"}],"onAuth":[{"__symbolic":"method"}],"getAuth":[{"__symbolic":"method"}],"unauth":[{"__symbolic":"method"}],"createUser":[{"__symbolic":"method"}],"getRedirectResult":[{"__symbolic":"method"}]}},"AuthProviders":{"Github":0,"Twitter":1,"Facebook":2,"Google":3,"Password":4,"Anonymous":5,"Custom":6},"AuthMethods":{"Popup":0,"Redirect":1,"Anonymous":2,"Password":3,"OAuthToken":4,"CustomToken":5},"authDataToAuthState":{"__symbolic":"function"},"stripProviderId":{"__symbolic":"function"}}},{"__symbolic":"module","version":1,"metadata":{"AuthBackend":{"__symbolic":"class","members":{"authWithCustomToken":[{"__symbolic":"method"}],"authAnonymously":[{"__symbolic":"method"}],"authWithPassword":[{"__symbolic":"method"}],"authWithOAuthPopup":[{"__symbolic":"method"}],"authWithOAuthRedirect":[{"__symbolic":"method"}],"authWithOAuthToken":[{"__symbolic":"method"}],"onAuth":[{"__symbolic":"method"}],"getAuth":[{"__symbolic":"method"}],"unauth":[{"__symbolic":"method"}],"createUser":[{"__symbolic":"method"}],"getRedirectResult":[{"__symbolic":"method"}]}},"AuthProviders":{"Github":0,"Twitter":1,"Facebook":2,"Google":3,"Password":4,"Anonymous":5,"Custom":6},"AuthMethods":{"Popup":0,"Redirect":1,"Anonymous":2,"Password":3,"OAuthToken":4,"CustomToken":5},"authDataToAuthState":{"__symbolic":"function"},"stripProviderId":{"__symbolic":"function"}}}]