[{"__symbolic":"module","version":3,"metadata":{"FirebaseSdkAuthBackend":{"__symbolic":"class","extends":{"__symbolic":"reference","module":"./auth_backend","name":"AuthBackend"},"decorators":[{"__symbolic":"call","expression":{"__symbolic":"reference","module":"@angular/core","name":"Injectable"}}],"members":{"__ctor__":[{"__symbolic":"constructor","parameterDecorators":[[{"__symbolic":"call","expression":{"__symbolic":"reference","module":"@angular/core","name":"Inject"},"arguments":[{"__symbolic":"reference","module":"../tokens","name":"FirebaseApp"}]}]],"parameters":[{"__symbolic":"reference","name":"any"}]}],"createUser":[{"__symbolic":"method"}],"getAuth":[{"__symbolic":"method"}],"onAuth":[{"__symbolic":"method"}],"unauth":[{"__symbolic":"method"}],"authWithCustomToken":[{"__symbolic":"method"}],"authAnonymously":[{"__symbolic":"method"}],"authWithPassword":[{"__symbolic":"method"}],"authWithOAuthPopup":[{"__symbolic":"method"}],"authWithOAuthRedirect":[{"__symbolic":"method"}],"authWithOAuthToken":[{"__symbolic":"method"}],"getRedirectResult":[{"__symbolic":"method"}],"_enumToAuthProvider":[{"__symbolic":"method"}]}}}},{"__symbolic":"module","version":1,"metadata":{"FirebaseSdkAuthBackend":{"__symbolic":"class","extends":{"__symbolic":"reference","module":"./auth_backend","name":"AuthBackend"},"decorators":[{"__symbolic":"call","expression":{"__symbolic":"reference","module":"@angular/core","name":"Injectable"}}],"members":{"__ctor__":[{"__symbolic":"constructor","parameterDecorators":[[{"__symbolic":"call","expression":{"__symbolic":"reference","module":"@angular/core","name":"Inject"},"arguments":[{"__symbolic":"reference","module":"../tokens","name":"FirebaseApp"}]}]],"parameters":[{"__symbolic":"reference","name":"any"}]}],"createUser":[{"__symbolic":"method"}],"getAuth":[{"__symbolic":"method"}],"onAuth":[{"__symbolic":"method"}],"unauth":[{"__symbolic":"method"}],"authWithCustomToken":[{"__symbolic":"method"}],"authAnonymously":[{"__symbolic":"method"}],"authWithPassword":[{"__symbolic":"method"}],"authWithOAuthPopup":[{"__symbolic":"method"}],"authWithOAuthRedirect":[{"__symbolic":"method"}],"authWithOAuthToken":[{"__symbolic":"method"}],"getRedirectResult":[{"__symbolic":"method"}],"_enumToAuthProvider":[{"__symbolic":"method"}]}}}}]